,物件名,住所,最寄駅,築年数,価格,利回り,戸数,構造,建物面積,土地面積
0,世田谷区6％・新築一棟アパート,"
      東京都世田谷区奥沢1丁目    ",東急目黒線 奥沢駅 徒歩10分,,"
              2億7800万円            ","
              6.04%            ",2戸,鉄骨造,"
      168.58㎡      (165.0万円/㎡)    ","
      142.43㎡      (195.2万円/㎡)    "
1,■■投資のLEX■■ 6.52％「大宮」駅 5分 RC造,"
      埼玉県さいたま市大宮区宮町2丁目    ",JR京浜東北・根岸線 大宮駅 徒歩5分,1980年01月（築43年）,"
              5億円            ","
              1.51%            ",7戸,RC造,"
      756.90㎡      (66.1万円/㎡)    ","
      193.19㎡      (258.9万円/㎡)    "
2,北越谷駅徒歩8分　利回り9.23％　オーナーチェンジ物件,"
      埼玉県越谷市北越谷3丁目    ",東武伊勢崎・大師線 北越谷駅 徒歩8分,1987年01月（築36年）,"
              7980万円            ","
              9.23%            ",18戸,木造,"
      254.30㎡      (31.4万円/㎡)    ","
      299.86㎡      (26.7万円/㎡)    "
3,アッシモ川越,"
      埼玉県川越市旭町    ",東武東上線 川越駅 徒歩20分 他,2005年11月（築18年）,"
              3490万円            ","
              5.50%            ",2戸,木造,"
      109.77㎡      (31.8万円/㎡)    ","
      100.01㎡      (34.9万円/㎡)    "
4,マリオン川口第２,"
      埼玉県川口市西川口3    ",JR京浜東北・根岸線 西川口駅 徒歩2分,"
      1988年06月（築35年）          ","
              1050万円            ","
              7.20%            ",29戸,SRC造,"
      16.50㎡      (63.7万円/㎡)    ", 
5,【1都3県×0円管理（LPP）】土地建物積算価格80％以上,"
      埼玉県戸田市喜沢1丁目    ",JR京浜東北・根岸線 西川口駅 徒歩10分,1987年03月（築36年）,"
              2億4200万円            ","
              6.99%            ",20戸,RC造,"
      1161.10㎡      (20.9万円/㎡)    ","
      736.64㎡      (32.9万円/㎡)    "
6,駅歩9分！蒲生中央通り面す！RC造！想定満室利回り8.5％！,"
      埼玉県越谷市蒲生旭町    ",東武伊勢崎・大師線 蒲生駅 徒歩9分,1979年04月（築44年）,"
              3億2000万円            ","
              8.50%            ",1戸,RC造,"
      530.88㎡      (60.3万円/㎡)    ","
      286.94㎡      (111.6万円/㎡)    "
7,所沢コーポラスE棟,"
      埼玉県所沢市北秋津876    ",西武新宿線 所沢駅 徒歩8分 他,"
      1978年09月（築45年）          ","
              1500万円            ",0,,鉄骨造,"
      57.24㎡      (26.3万円/㎡)    ", 
8,東武伊勢崎線、和戸駅徒歩1分１K12戸,"
      埼玉県南埼玉郡宮代町和戸１    ",東武伊勢崎・大師線 和戸駅 徒歩1分,,"
              9500万円            ","
              8.26%            ",12戸,木造,"
      214.27㎡      (44.4万円/㎡)    ","
      214.27㎡      (44.4万円/㎡)    "
9,【カイロス仲介】想定利回り9.23％　北越谷駅徒歩8分,"
      埼玉県越谷市北越谷    ",東武伊勢崎・大師線 北越谷駅 徒歩8分,1987年01月（築36年）,"
              7980万円            ","
              9.23%            ",18戸,木造,"
      254.30㎡      (31.4万円/㎡)    ","
      299.86㎡      (26.7万円/㎡)    "
10,【カイロス仲介】JR久喜駅徒歩6分　鉄骨造3階建(築4年),"
      埼玉県久喜市南    ",JR東北本線 久喜駅 徒歩6分,2018年03月（築5年）,"
              2億6500万円            ","
              7.02%            ",30戸,鉄骨造,"
      584.82㎡      (45.4万円/㎡)    ","
      396.00㎡      (67.0万円/㎡)    "
11,【カイロス仲介】共同住宅・店舗＋倉庫＋駐車場,"
      埼玉県所沢市若狭    ",西武池袋・豊島線 狭山ヶ丘駅 徒歩9分,1988年05月（築35年）,"
              2億1480万円            ","
              9.25%            ",24戸,重量鉄骨造,"
      857.21㎡      (25.1万円/㎡)    ","
      603.96㎡      (35.6万円/㎡)    "
12,【利回り12.64%！【東武東上線沿いの駅近アパート！】,"
      埼玉県東松山市元宿1    ",東武東上線 高坂駅 徒歩6分,1989年01月（築34年）,"
              2800万円            ","
              12.64%            ",10戸,木造,"
      174.18㎡      (16.1万円/㎡)    ","
      242.00㎡      (11.6万円/㎡)    "
13,小田急北本マンション　A棟店舗,"
      埼玉県鴻巣市小松4    ",JR高崎線 北本駅 徒歩5分,"
      1973年02月（築50年）          ","
              1190万円            ","
              13.31%            ",,RC造,"
      60.68㎡      (19.7万円/㎡)    ", 
14,想定利回り7.03%　西川口駅 徒歩6分,"
      埼玉県川口市西青木3丁目    ",JR京浜東北・根岸線 西川口駅 徒歩6分,"
      1988年06月（築35年）          ","
              2430万円            ","
              7.03%            ",61戸,SRC造,"
      55.15㎡      (44.1万円/㎡)    ", 
15,【カイロス仲介】2棟バルク販売　駐車場戸数以上あり,"
      埼玉県熊谷市上之    ",JR高崎線 熊谷駅 徒歩24分,2001年12月（築22年）,"
              1億6500万円            ","
              7.04%            ",10戸,RC造,"
      693.92㎡      (23.8万円/㎡)    ","
      1182.70㎡      (14.0万円/㎡)    "
16,大宮区宮町２丁目一棟ビル,"
      埼玉県さいたま市大宮区宮町２丁目    ",JR京浜東北・根岸線 大宮駅 徒歩5分,1990年01月（築33年）,"
              5億円            ","
              6.52%            ",7戸,RC造,"
      756.90㎡      (66.1万円/㎡)    ","
      193.19㎡      (258.9万円/㎡)    "
17,【カイロス仲介】満室稼働中　2LDK×2戸　駐車場あり,"
      埼玉県三郷市番匠免    ",つくばエクスプレス 三郷中央駅 バス15分,1991年09月（築32年）,"
              1980万円            ","
              6.78%            ",2戸,木造,"
      124.20㎡      (16.0万円/㎡)    ","
      164.55㎡      (12.1万円/㎡)    "
18,オーナーチェンジ物件　表面利回り11.25%,"
      埼玉県川口市上青木1丁目    ",埼玉高速鉄道 南鳩ヶ谷駅 徒歩26分,"
      1980年10月（築43年）          ","
              800万円            ","
              11.25%            ",38戸,RC造,"
      67.32㎡      (11.9万円/㎡)    ", 
19,越谷市蒲生寿町建築条件付売地,"
      埼玉県越谷市蒲生寿町1    ",東武伊勢崎・大師線 新越谷駅 徒歩10分,"
      158.63㎡      (40.3万円/㎡)    ","
              6380万円            ",0,0,0,0,0
20,（仮称）キャメル蕨錦町,"
      埼玉県蕨市錦町２丁目    ",JR埼京線 戸田駅 徒歩14分 他,2023年07月,"
              1億1520万円            ","
              6.49%            ",9戸,木造,"
      183.90㎡      (62.7万円/㎡)    ","
      108.90㎡      (105.8万円/㎡)    "
21,利回り7.4％！葛飾区新築1棟アパート！最寄り駅徒歩9分！,"
      東京都葛飾区柴又２丁目    ",京成金町線 柴又駅 徒歩9分 他,2023年05月,"
              1億2220万円            ","
              7.40%            ",11戸,木造,"
      199.28㎡      (61.4万円/㎡)    ","
      181.98㎡      (67.2万円/㎡)    "
22,オーナーチェンジ物件　全居室フルリフォーム済,"
      埼玉県戸田市美女木3丁目    ",JR埼京線 北戸田駅 徒歩18分,1988年06月（築35年）,"
              1億1800万円            ","
              8.45%            ",9戸,RC造,"
      513.83㎡      (23.0万円/㎡)    ","
      306.27㎡      (38.6万円/㎡)    "
23,※9.75％、36㎡のお部屋※新耐震RC、賃貸中の物件,"
      埼玉県さいたま市南区太田窪    ",JR京浜東北・根岸線 南浦和駅 徒歩4分,"
      1986年07月（築37年）          ","
              800万円            ","
              9.75%            ",,RC造,"
      36.06㎡      (22.2万円/㎡)    ", 
24,西川口駅歩12分！2021年大規模修繕済！県道110号面す！,"
      埼玉県蕨市南町２    ",JR京浜東北・根岸線 西川口駅 徒歩12分,1973年03月（築50年）,"
              4590万円            ","
              7.32%            ",,鉄骨造,"
      153.53㎡      (29.9万円/㎡)    ","
      66.49㎡      (69.1万円/㎡)    "
25,※新耐震RC※ファミリータイプ、管積1万以下、駅徒歩3分,"
      埼玉県さいたま市浦和区元町    ",JR京浜東北・根岸線 北浦和駅 徒歩3分,"
      1981年06月（築42年）          ","
              1699万円            ","
              7.62%            ",,RC造,"
      55.70㎡      (30.6万円/㎡)    ", 
26,融資相談可能　若葉駅 徒歩11分,"
      埼玉県鶴ヶ島市富士見2丁目    ",東武東上線 若葉駅 徒歩11分,"
      1979年11月（築44年）          ","
              700万円            ","
              10.45%            ",24戸,RC造,"
      60.06㎡      (11.7万円/㎡)    ", 
27,■■駅歩7分■最上階■バストイレ別■44平米以上■■,"
      埼玉県川越市三光町    ",東武東上線 川越市駅 徒歩7分 他,"
      1968年01月（築55年）          ","
              590万円            ","
              12.00%            ",88戸,RC造,"
      44.87㎡      (13.2万円/㎡)    ", 
28,想定利回り7.9%　柳瀬川駅,"
      埼玉県志木市柏町2丁目    ",東武東上線 柳瀬川駅,1990年01月（築33年）,"
              4200万円            ","
              7.94%            ",5戸,木造,"
      136.39㎡      (30.8万円/㎡)    ","
      162.00㎡      (26.0万円/㎡)    "
29,満室稼働中　利回り6.54％　JR高崎線「吹上」駅徒歩8分,"
      埼玉県鴻巣市吹上本町２丁目    ",JR高崎線 吹上駅 徒歩8分,2009年01月（築14年）,"
              5000万円            ","
              6.54%            ",3戸,木造,"
      158.98㎡      (31.5万円/㎡)    ","
      180.00㎡      (27.8万円/㎡)    "
30,西所沢,"
      埼玉県所沢市くすのき台１丁目    ",西武池袋・豊島線 所沢駅 徒歩4分,2014年09月（築9年）,"
              1億800万円            ","
              5.90%            ",3戸,鉄骨造,"
      197.83㎡      (54.6万円/㎡)    ","
      124.16㎡      (87.0万円/㎡)    "
31,浦和区常盤、北浦和駅4分、RC9階建築可,"
      埼玉県さいたま市浦和区常盤    ",JR京浜東北・根岸線 浦和駅 徒歩4分,"
      124.82㎡      (78.6万円/㎡)    ","
              9800万円            ",0,0,0,0,0
32,利回り7.94％　東武東上線「柳瀬川」「志木」駅利用,"
      埼玉県志木市柏町２丁目    ",東武東上線 柳瀬川駅 徒歩18分 他,1990年01月（築33年）,"
              4200万円            ","
              7.94%            ",5戸,木造,"
      136.39㎡      (30.8万円/㎡)    ","
      162.00㎡      (26.0万円/㎡)    "
33,2駅利用可！R4年外壁コーキング改修済！満室！角地！,"
      埼玉県川越市旭町３    ",JR川越線 川越駅 徒歩20分 他,2005年11月（築18年）,"
              3490万円            ","
              5.50%            ",2戸,木造,"
      109.77㎡      (31.8万円/㎡)    ","
      100.01㎡      (34.9万円/㎡)    "
34,【川越市 5.38％】2016年築！駅徒歩7分,"
      埼玉県川越市菅原町    ",JR川越線 川越駅 徒歩7分 他,2016年02月（築7年）,"
              1億3000万円            ","
              5.38%            ",10戸,木造,"
      223.24㎡      (58.3万円/㎡)    ","
      173.06㎡      (75.2万円/㎡)    "
35,※駅徒歩6分、平成築の新耐震RC、管積1万以下,"
      埼玉県さいたま市南区白幡    ",JR埼京線 武蔵浦和駅 徒歩6分,"
      1990年09月（築33年）          ","
              750万円            ","
              7.44%            ",,RC造,"
      16.80㎡      (44.7万円/㎡)    ", 
36,現在好評賃貸中。全居室６帖以上の５ＳＤＫ。,"
      埼玉県草加市西町195    ",東武伊勢崎・大師線 草加駅 徒歩18分 他,1977年08月（築46年）,"
              2300万円            ","
              5.21%            ",,木造,"
      95.58㎡      (24.1万円/㎡)    ","
      100.03㎡      (23.0万円/㎡)    "
37,国道298号へ230M！外壁塗装済！工場・住宅！,"
      埼玉県三郷市高州４    ",JR千代田・常磐緩行線 金町駅 バス7分,1979年10月（築44年）,"
              5500万円            ",0,,その他,"
      169.95㎡      (32.4万円/㎡)    ","
      286.60㎡      (19.2万円/㎡)    "
38,鴻巣市 賃貸中（満室） 駅徒歩8分,"
      埼玉県鴻巣市吹上本町2丁目    ",JR高崎線 吹上駅 徒歩8分,2009年01月（築14年）,"
              5000万円            ","
              6.54%            ",3戸,木造,"
      158.98㎡      (31.5万円/㎡)    ","
      188.00㎡      (26.6万円/㎡)    "
39,駅徒歩10分！利回り16％！所沢市荒幡中古戸建,"
      埼玉県所沢市荒幡    ",西武狭山線 下山口駅 徒歩10分,1975年11月（築48年）,"
              448万円            ","
              16.07%            ",,木造,"
      48.02㎡      (9.4万円/㎡)    ","
      99.00㎡      (4.6万円/㎡)    "
40,【収益物件のスリーラージ】駅徒歩4分 川口市,"
      埼玉県川口市芝新町    ",JR京浜東北・根岸線 蕨駅 徒歩4分,1989年02月（築34年）,"
              5億4800万円            ","
              5.61%            ",49戸,SRC造,"
      1231.15㎡      (44.6万円/㎡)    ","
      321.96㎡      (170.3万円/㎡)    "
41,川越市連雀町１棟ビル,"
      埼玉県川越市連雀町    ",西武新宿線 本川越駅 徒歩10分 他,1991年05月（築32年）,"
              1億3000万円            ","
              7.48%            ",16戸,RC造,"
      619.16㎡      (21.0万円/㎡)    ","
      156.00㎡      (83.4万円/㎡)    "
42,【新築】Best Stage鴻巣市本町３丁目　鴻巣駅徒歩７分,"
      埼玉県鴻巣市本町3丁目    ",JR高崎線 鴻巣駅 徒歩7分,,"
              1億3700万円            ","
              7.00%            ",12戸,木造,"
      499.76㎡      (27.5万円/㎡)    ","
      324.96㎡      (42.2万円/㎡)    "
43,デュオヒルズ東川口,"
      埼玉県川口市戸塚２丁目    ",JR武蔵野線 東川口駅 徒歩4分 他,"
      2017年08月（築6年）          ","
              4800万円            ","
              4.75%            ",98戸,RC造,"
      71.55㎡      (67.1万円/㎡)    ", 
44,さいたま市見沼区大字大谷不動産,"
      埼玉県さいたま市見沼区大谷１９９６−７    ",東武野田線 七里駅 バス3分,1976年02月（築47年）,"
              300万円            ",0,,木造,"
      56.18㎡      (5.4万円/㎡)    ","
      108.56㎡      (2.8万円/㎡)    "
45,ステージグランデ大宮,"
      埼玉県さいたま市大宮区宮町1    ",JR埼京線 大宮駅 徒歩4分,"
      2008年02月（築15年）          ","
              1400万円            ","
              5.51%            ",77戸,SRC造,"
      20.23㎡      (69.3万円/㎡)    ", 
46,H4年築！収納充実！駐車スペース有！,"
      埼玉県川口市大字峯    ",東武伊勢崎・大師線 草加駅 徒歩35分,1992年05月（築31年）,"
              1860万円            ",0,,木造,"
      83.94㎡      (22.2万円/㎡)    ","
      83.94㎡      (22.2万円/㎡)    "
47,パールマンション,"
      埼玉県本庄市駅南２丁目    ",JR高崎線 本庄駅 徒歩1分,"
      1980年02月（築43年）          ","
              790万円            ","
              15.18%            ",12戸,RC造,"
      27.91㎡      (28.4万円/㎡)    ", 
48,※利回り12％、賃貸中、新耐震RC、管積1万以下,"
      埼玉県狭山市大字東三ツ木    ",西武新宿線 新狭山駅 徒歩6分,"
      1987年12月（築36年）          ","
              288万円            ","
              12.08%            ",,RC造,"
      14.58㎡      (19.8万円/㎡)    ", 
49,◆◆「毛呂駅」徒歩7分◆平成築の新耐震基準マンション◆◆,"
      埼玉県入間郡毛呂山町大字小田谷    ",JR八高線 毛呂駅 徒歩7分,"
      1991年03月（築32年）          ","
              200万円            ","
              13.80%            ",,RC造,"
      16.10㎡      (12.5万円/㎡)    ", 
50,2路線利用可！新耐震基準！角地！大規模修繕済！,"
      埼玉県川口市戸塚東４    ",JR武蔵野線 東川口駅 徒歩14分 他,1991年04月（築32年）,"
              8500万円            ","
              8.05%            ",14戸,軽量鉄骨造,"
      251.42㎡      (33.9万円/㎡)    ","
      229.94㎡      (37.0万円/㎡)    "
51,埼玉県さいたま市　区分マンション,"
      埼玉県さいたま市南区鹿手袋5丁目    ",JR埼京線 武蔵浦和駅 徒歩8分 他,"
      1991年05月（築32年）          ","
              780万円            ","
              7.38%            ",54戸,RC造,"
      21.00㎡      (37.2万円/㎡)    ", 
52,2駅利用可！角地！全6戸満室！新耐震基準！S造3階建！,"
      埼玉県朝霞市根岸台２    ",東武東上線 朝霞台駅 徒歩15分 他,1995年04月（築28年）,"
              8980万円            ","
              5.06%            ",6戸,鉄骨造,"
      258.24㎡      (34.8万円/㎡)    ","
      164.00㎡      (54.8万円/㎡)    "
53,◆◆獨協大学徒歩圏内◆最上階の部屋◆バストイレ別◆◆,"
      埼玉県草加市弁天    ",東武伊勢崎・大師線 獨協大学前駅 徒歩19分,"
      1993年07月（築30年）          ","
              420万円            ","
              12.28%            ",17戸,RC造,"
      19.60㎡      (21.5万円/㎡)    ", 
54,カーサアルバ,"
      埼玉県本庄市児玉町金屋1274    ",JR八高線 児玉駅 徒歩15分,1978年01月（築45年）,"
              1800万円            ","
              14.11%            ",6戸,木造,"
      208.68㎡      (8.7万円/㎡)    ","
      303.68㎡      (6.0万円/㎡)    "
55,◆◆「桶川」徒歩9分◆室内洗濯機置◆最上階物件◆◆,"
      埼玉県桶川市寿    ",JR高崎線 桶川駅 徒歩9分,"
      1988年05月（築35年）          ","
              390万円            ","
              10.15%            ",,RC造,"
      15.81㎡      (24.7万円/㎡)    ", 
56,【収益物件のスリーラージ】所沢市 9.02％,"
      埼玉県所沢市若狭4丁目    ",西武池袋・豊島線 狭山ヶ丘駅 徒歩9分,1988年05月（築35年）,"
              2億1480万円            ","
              9.02%            ",24戸,鉄骨造,"
      857.21㎡      (25.1万円/㎡)    ","
      603.96㎡      (35.6万円/㎡)    "
57,◆◆27平米・BT別◆角部屋二面採光◆出窓スタイル◆◆,"
      埼玉県八潮市大字南後谷    ",東武伊勢崎・大師線 草加駅 徒歩17分,"
      1978年07月（築45年）          ","
              450万円            ","
              12.53%            ",,鉄骨造,"
      27.53㎡      (16.4万円/㎡)    ", 
58,さいたま市岩槻区 990万円 10.90％ 戸建賃貸,"
      埼玉県さいたま市岩槻区金重    ",東武野田線 岩槻駅 徒歩34分,1990年06月（築33年）,"
              990万円            ","
              10.90%            ",,木造,"
      49.02㎡      (20.2万円/㎡)    ","
      31.66㎡      (31.3万円/㎡)    "
59,駅歩5分！新耐震基準！満室稼働中！全居室バストイレ別！角地！,"
      埼玉県春日部市牛島    ",東武野田線 藤の牛島駅 徒歩5分,1990年12月（築33年）,"
              3540万円            ","
              8.50%            ",7戸,木造,"
      127.26㎡      (27.9万円/㎡)    ","
      120.51㎡      (29.4万円/㎡)    "
60,【専任】オーナーチェンジ物件！,"
      埼玉県春日部市緑町1丁目    ",東武伊勢崎・大師線 春日部駅 徒歩22分 他,1995年09月（築28年）,"
              1650万円            ","
              6.90%            ",,木造,"
      94.35㎡      (17.5万円/㎡)    ","
      50.72㎡      (32.6万円/㎡)    "
61,JR埼京線「武蔵浦和」駅徒歩5分！！一棟ビル,"
      埼玉県さいたま市南区別所7丁目    ",JR埼京線 武蔵浦和駅 徒歩5分 他,1989年11月（築34年）,"
              8800万円            ","
              5.90%            ",,RC造,"
      115.94㎡      (76.0万円/㎡)    ","
      59.61㎡      (147.7万円/㎡)    "
62,【専任】空家につき即引渡可能です,"
      埼玉県八潮市大字南後谷字屋敷    ",東武伊勢崎・大師線 草加駅 バス5分,1974年02月（築49年）,"
              680万円            ",0,,木造,"
      70.21㎡      (9.7万円/㎡)    ","
      84.60㎡      (8.1万円/㎡)    "
63,平成築　駐車場付戸建　5DK　駅徒歩12分,"
      大阪府柏原市国分    ",JR西日本 関西本線 河内堅上駅 徒歩12分,1990年06月（築33年）,"
              490万円            ","
              13.46%            ",,木造,"
      74.52㎡      (6.6万円/㎡)    ","
      69.86㎡      (7.1万円/㎡)    "
64,東武東上線『新河岸』駅利用可・平成4年築・鉄骨造3階建・AP,"
      埼玉県川越市砂新田1丁目    ",東武東上線 新河岸駅 徒歩18分,1992年07月（築31年）,"
              4500万円            ","
              8.24%            ",9戸,鉄骨造,"
      213.58㎡      (21.1万円/㎡)    ","
      132.32㎡      (34.1万円/㎡)    "
65,【想定利回り約14.66％】東武伊勢崎線『加須』駅利用可,"
      埼玉県加須市騎西    ",東武伊勢崎・大師線 加須駅 バス11分,1986年05月（築37年）,"
              1980万円            ","
              14.66%            ",6戸,木造,"
      198.16㎡      (10.0万円/㎡)    ","
      176.42㎡      (11.3万円/㎡)    "
66,ＲＥＸＺＹ西川口ＡＺⅢ,"
      埼玉県川口市並木３丁目    ",JR京浜東北・根岸線 西川口駅 徒歩4分,"
      2019年03月（築4年）          ","
              2400万円            ","
              3.56%            ",79戸,RC造,"
      22.29㎡      (107.7万円/㎡)    ", 
67,川口市芝２丁目アパート,"
      埼玉県川口市芝２丁目    ",JR京浜東北・根岸線 蕨駅 徒歩14分,1979年05月（築44年）,"
              5280万円            ","
              6.65%            ",6戸,木造,"
      166.38㎡      (31.8万円/㎡)    ","
      158.79㎡      (33.3万円/㎡)    "
68,戸田市喜沢１丁目一棟マンション,"
      埼玉県戸田市喜沢１丁目    ",JR京浜東北・根岸線 西川口駅 徒歩11分,2006年10月（築17年）,"
              1億9800万円            ","
              5.04%            ",9戸,RC造,"
      426.63㎡      (46.5万円/㎡)    ","
      291.79㎡      (67.9万円/㎡)    "
69,石原中古住宅,"
      埼玉県熊谷市石原113    ",JR高崎線 熊谷駅 バス15分,1974年04月（築49年）,"
              600万円            ","
              11.00%            ",,木造,"
      106.50㎡      (5.7万円/㎡)    ","
      215.32㎡      (2.8万円/㎡)    "
70,■■投資のLEX■■「新所沢」駅　徒歩１２分　土地,"
      埼玉県所沢市花園２    ",西武新宿線 新所沢駅 徒歩12分,"
      437.42㎡      (25.8万円/㎡)    ","
              1億1280万円            ",0,0,0,0,0
71,駅歩2分！新耐震基準！想定満室利回り6.26％！,"
      埼玉県川越市砂    ",東武東上線 新河岸駅 徒歩2分,1987年03月（築36年）,"
              5000万円            ","
              6.26%            ",8戸,木造,"
      118.80㎡      (42.1万円/㎡)    ","
      167.16㎡      (30.0万円/㎡)    "
72,大宮　利回り14％！！,"
      埼玉県さいたま市見沼区大字大谷1861    ",JR京浜東北・根岸線 大宮駅 バス20分,"
      1968年01月（築55年）          ","
              620万円            ","
              14.51%            ",,RC造,"
      43.51㎡      (14.3万円/㎡)    ", 
73,角地！現在介護施設一棟貸し中！新耐震基準！,"
      埼玉県蓮田市蓮田５    ",JR湘南新宿ライン宇須 蓮田駅 徒歩20分 他,1996年11月（築27年）,"
              4980万円            ","
              6.89%            ",,鉄骨造,"
      146.84㎡      (34.0万円/㎡)    ","
      530.13㎡      (9.4万円/㎡)    "
74,※駅徒歩6分、宅配ボックス、AL、EV,"
      埼玉県川口市並木    ",JR京浜東北・根岸線 川口駅 徒歩6分,"
      1988年08月（築35年）          ","
              880万円            ","
              7.77%            ",,SRC造,"
      16.87㎡      (52.2万円/㎡)    ", 
75,アーバンヒルズ西川口,"
      埼玉県川口市並木4    ",JR京浜東北・根岸線 西川口駅 徒歩8分,"
      1991年09月（築32年）          ","
              899万円            ","
              5.60%            ",51戸,SRC造,"
      17.67㎡      (50.9万円/㎡)    ", 
76,※春日部駅徒歩8分、68平米、2021年大規模済み！,"
      埼玉県春日部市粕壁東    ",東武伊勢崎・大師線 春日部駅 徒歩8分,"
      2004年08月（築19年）          ","
              2180万円            ","
              5.39%            ",,SRC造,"
      68.20㎡      (32.0万円/㎡)    ", 
77,※熊谷市、ファミリータイプOC、2015年室内リフォーム済,"
      埼玉県熊谷市上之    ",JR高崎線 熊谷駅 徒歩24分,"
      1990年12月（築33年）          ","
              1100万円            ","
              8.94%            ",,RC造,"
      65.90㎡      (16.7万円/㎡)    ", 
78,Fコーポ,"
      埼玉県川口市大字小谷場436    ",JR武蔵野線 南浦和駅 徒歩17分,1987年11月（築36年）,"
              5000万円            ","
              5.18%            ",4戸,木造,"
      135.80㎡      (36.9万円/㎡)    ","
      153.00㎡      (32.7万円/㎡)    "
79,駅歩10分！新耐震基準！想定満室利回り7.70％！,"
      埼玉県春日部市西金野井    ",東武野田線 南桜井駅 徒歩10分,1989年02月（築34年）,"
              4980万円            ","
              7.70%            ",8戸,木造,"
      192.92㎡      (25.9万円/㎡)    ","
      251.00㎡      (19.9万円/㎡)    "
80,セザール川口朝日町,"
      埼玉県川口市朝日２丁目    ",埼玉高速鉄道 南鳩ヶ谷駅 徒歩9分 他,"
      1988年05月（築35年）          ","
              1580万円            ","
              7.21%            ",29戸,RC造,"
      45.52㎡      (34.8万円/㎡)    ", 
81,埼玉県川口市　区分マンション,"
      埼玉県川口市仲町16    ",JR京浜東北・根岸線 西川口駅 徒歩14分 他,"
      1991年08月（築32年）          ","
              1030万円            ","
              6.40%            ",48戸,SRC造,"
      23.85㎡      (43.2万円/㎡)    ", 
82,■■最上階■バストイレ別■室内リフォーム済■33平米■■,"
      埼玉県ふじみ野市鶴ヶ丘    ",東武東上線 上福岡駅 徒歩18分,"
      1972年05月（築51年）          ","
              250万円            ","
              14.40%            ",30戸,RC造,"
      33.71㎡      (7.5万円/㎡)    ", 
83,吉沢荘,"
      埼玉県所沢市大字上安松274    ",JR武蔵野線 新秋津駅 徒歩12分,1971年06月（築52年）,"
              2480万円            ","
              10.20%            ",8戸,木造,"
      138.74㎡      (17.9万円/㎡)    ","
      152.39㎡      (16.3万円/㎡)    "
84,【荻窪駅徒歩10分】1億以下！40坪！6.73％,"
      東京都杉並区上荻２丁目    ",JR総武・中央緩行線 荻窪駅 徒歩10分,1983年12月（築40年）,"
              9980万円            ","
              6.73%            ",10戸,木造,"
      150.38㎡      (66.4万円/㎡)    ","
      132.78㎡      (75.2万円/㎡)    "
85,新耐震基準！全6戸満室！表面利回り9%！,"
      埼玉県草加市手代１    ",東武伊勢崎・大師線 草加駅 徒歩18分,1988年04月（築35年）,"
              3600万円            ","
              9.00%            ",6戸,木造,"
      124.88㎡      (28.9万円/㎡)    ","
      136.72㎡      (26.4万円/㎡)    "
86,オーゼットローヤル東大宮,"
      埼玉県さいたま市見沼区東大宮5丁目    ",JR東北本線 東大宮駅 徒歩4分,1987年09月（築36年）,"
              3億5500万円            ","
              7.40%            ",62戸,RC造,"
      1198.00㎡      (29.7万円/㎡)    ","
      619.86㎡      (57.3万円/㎡)    "
87,想定満室利回り8.22％！全6戸のコンパクト収益レジデンス！,"
      埼玉県草加市瀬崎３    ",東武伊勢崎・大師線 谷塚駅 徒歩12分,1980年07月（築43年）,"
              4000万円            ","
              8.22%            ",6戸,木造,"
      173.09㎡      (23.2万円/㎡)    ","
      144.94㎡      (27.6万円/㎡)    "
88,埼玉県熊谷一棟アパート2500万12.29％,"
      埼玉県熊谷市伊勢町388    ",JR上越新幹線 熊谷駅 徒歩15分,1980年10月（築43年）,"
              2500万円            ","
              12.28%            ",8戸,木造,"
      115.92㎡      (21.6万円/㎡)    ","
      112.48㎡      (22.3万円/㎡)    "
89,東武伊勢崎線『北越谷』駅徒歩8分・1K×18戸・全戸ロフト付,"
      埼玉県越谷市北越谷3丁目    ",東武伊勢崎・大師線 北越谷駅 徒歩8分,1987年01月（築36年）,"
              7980万円            ","
              9.23%            ",18戸,木造,"
      254.30㎡      (31.4万円/㎡)    ","
      299.86㎡      (26.7万円/㎡)    "
90,駅歩10分！新耐震基準！想定満室利回り8.61％！,"
      埼玉県所沢市若狭４    ",西武池袋・豊島線 狭山ヶ丘駅 徒歩10分,1987年11月（築36年）,"
              3400万円            ","
              8.61%            ",6戸,木造,"
      153.68㎡      (22.2万円/㎡)    ","
      141.00㎡      (24.2万円/㎡)    "
91,平和ハイム,"
      埼玉県新座市新堀２丁目    ",西武池袋・豊島線 東久留米駅 徒歩13分,1989年02月（築34年）,"
              7580万円            ","
              7.43%            ",8戸,軽量鉄骨造,"
      283.24㎡      (26.8万円/㎡)    ","
      314.00㎡      (24.2万円/㎡)    "
92,駅12分！新耐震基準！満室！全4戸コンパクト収益レジデンス！,"
      埼玉県新座市東３    ",東武東上線 志木駅 徒歩12分,1988年04月（築35年）,"
              3200万円            ","
              5.75%            ",4戸,木造,"
      65.42㎡      (49.0万円/㎡)    ","
      62.70㎡      (51.1万円/㎡)    "
93,■■1994年築■43平米賃貸中■バストイレ別■■,"
      埼玉県草加市瀬崎    ",東武伊勢崎・大師線 谷塚駅 徒歩12分,"
      1996年05月（築27年）          ","
              900万円            ","
              9.33%            ",,RC造,"
      43.74㎡      (20.6万円/㎡)    ", 
94,久喜市青毛4丁目　戸建,"
      埼玉県久喜市青毛4    ",東武日光線 幸手駅 徒歩19分 他,1994年02月（築29年）,"
              1380万円            ","
              7.82%            ",,木造,"
      71.63㎡      (19.3万円/㎡)    ","
      139.09㎡      (10.0万円/㎡)    "
95,◆坂戸収益物件 1R・17.98㎡・利回り11.07％◆,"
      埼玉県坂戸市日の出町    ",東武東上線 坂戸駅 徒歩6分,"
      1988年02月（築35年）          ","
              260万円            ","
              11.07%            ",47戸,SRC造,"
      17.98㎡      (14.5万円/㎡)    ", 
96,【賃貸中】【利回り13.09%】【駐車場1台】入間郡毛呂山町,"
      埼玉県入間郡毛呂山町中央3    ",東武越生線 武州長瀬駅 徒歩7分,1970年10月（築53年）,"
              550万円            ","
              13.09%            ",,木造,"
      45.68㎡      (12.1万円/㎡)    ","
      81.00㎡      (6.8万円/㎡)    "
97,賃貸中【利回り10.08%】【北坂戸駅】坂戸市石井,"
      埼玉県坂戸市石井2314    ",東武東上線 北坂戸駅 徒歩20分,1977年08月（築46年）,"
              690万円            ","
              10.00%            ",,木造,"
      54.84㎡      (12.6万円/㎡)    ","
      65.49㎡      (10.6万円/㎡)    "
98,三郷市高州三丁目戸建９棟,"
      埼玉県三郷市高州３丁目    ",JR千代田・常磐緩行線 金町駅 徒歩23分,1971年02月（築52年）,"
              1億3000万円            ","
              3.61%            ",,木造,"
      33.60㎡      (387.0万円/㎡)    ","
      945.51㎡      (13.8万円/㎡)    "
99,コスモ志木,"
      埼玉県志木市幸町１−８−４０    ",東武東上線 志木駅 徒歩9分,"
      1986年07月（築37年）          ","
              3180万円            ",0,248戸,SRC造,"
      59.96㎡      (53.1万円/㎡)    ", 
100,■▢人気の越谷駅徒歩3分■利回り7.8%,"
      埼玉県越谷市赤山町    ",東武伊勢崎・大師線 越谷駅 徒歩3分,"
      1988年06月（築35年）          ","
              600万円            ","
              7.63%            ",45戸,RC造,"
      15.30㎡      (39.3万円/㎡)    ", 
101,上尾市1棟アパート,"
      埼玉県上尾市埼玉県上尾市柏座1丁目    ",JR高崎線 上尾駅 徒歩7分,1984年05月（築39年）,"
              8550万円            ","
              7.00%            ",12戸,RC造,"
      244.10㎡      (35.1万円/㎡)    ","
      193.01㎡      (44.3万円/㎡)    "
102,◆狭山収益物件 1R・17.17㎡・利回り16.8％◆,"
      埼玉県狭山市富士見１丁目    ",西武新宿線 狭山市駅 徒歩3分,"
      1989年08月（築34年）          ","
              250万円            ","
              16.80%            ",31戸,RC造,"
      17.17㎡      (14.6万円/㎡)    ", 
103,（仮称）キャメル鴻巣,"
      埼玉県鴻巣市雷電１丁目    ",JR高崎線 鴻巣駅 徒歩9分,2023年07月,"
              6060万円            ","
              7.42%            ",6戸,木造,"
      173.18㎡      (35.0万円/㎡)    ","
      182.39㎡      (33.3万円/㎡)    "
104,埼玉県大里郡寄居町　　戸建て,"
      埼玉県大里郡寄居町用土2458    ",JR八高線 用土駅 徒歩9分,1980年09月（築43年）,"
              420万円            ",0,,木造,"
      74.70㎡      (5.7万円/㎡)    ","
      120.08㎡      (3.5万円/㎡)    "
105,【敷地250坪！南公道面！】秋津売アパート,"
      東京都清瀬市野塩５丁目    ",西武池袋・豊島線 秋津駅 徒歩10分,1993年01月（築30年）,"
              1億5000万円            ","
              4.72%            ",6戸,木造,"
      484.11㎡      (31.0万円/㎡)    ","
      828.75㎡      (18.1万円/㎡)    "
106,【利回り13％以上】【JR八高線・用土駅】【3Kタイプ】,"
      埼玉県大里郡寄居町用土    ",JR八高線 用土駅 徒歩12分,1981年03月（築42年）,"
              350万円            ","
              13.02%            ",,木造,"
      51.69㎡      (6.8万円/㎡)    ","
      120.35㎡      (3.0万円/㎡)    "
107,朝霞市　全空アパート,"
      埼玉県朝霞市朝志ヶ丘4    ",東武東上線 朝霞台駅 徒歩12分,1981年06月（築42年）,"
              1780万円            ","
              6.74%            ",2戸,木造,"
      23.12㎡      (77.0万円/㎡)    ","
      48.23㎡      (37.0万円/㎡)    "
108,賃貸中！利回り9％以上！西武池袋線・飯能駅！3LDK！,"
      埼玉県所沢市中山    ",西武池袋・豊島線 飯能駅 徒歩21分,1974年06月（築49年）,"
              580万円            ","
              9.93%            ",,木造,"
      89.42㎡      (6.5万円/㎡)    ","
      142.00㎡      (4.1万円/㎡)    "
109,【利回り9％】【東武野田線・南桜井駅】【4DKタイプ】,"
      埼玉県春日部市西金野井    ",東武野田線 南桜井駅 徒歩16分,1981年02月（築42年）,"
              800万円            ","
              9.00%            ",,木造,"
      66.24㎡      (12.1万円/㎡)    ","
      100.03㎡      (8.0万円/㎡)    "
110,※土地建物積算6900万※ファミリータイプ※築浅アパート※,"
      埼玉県入間市大字寺竹571    ",JR八高線 金子駅 徒歩4分,2013年03月（築10年）,"
              5880万円            ","
              7.36%            ",6戸,木造,"
      315.31㎡      (18.7万円/㎡)    ","
      663.79㎡      (8.9万円/㎡)    "
111,賃貸中！利回り9％以上！東武線・東松山駅！3DKタイプ！,"
      埼玉県東松山市松山町    ",東武東上線 東松山駅 徒歩26分,1970年05月（築53年）,"
              680万円            ","
              9.70%            ",,木造,"
      54.65㎡      (12.5万円/㎡)    ","
      231.37㎡      (3.0万円/㎡)    "
112,【利回り10％以上】【埼玉新都市交通・内宿駅】【4LDK】,"
      埼玉県北足立郡伊奈町小針新宿    ",埼玉新都市交通 内宿駅 徒歩9分,1979年04月（築44年）,"
              780万円            ","
              10.46%            ",,木造,"
      83.46㎡      (9.4万円/㎡)    ","
      64.44㎡      (12.2万円/㎡)    "
113,埼玉県大里郡戸建て,"
      埼玉県大里郡寄居町    ",JR八高線 用土駅 徒歩9分,1980年09月（築43年）,"
              420万円            ",0,,木造,"
      74.07㎡      (5.7万円/㎡)    ","
      120.08㎡      (3.5万円/㎡)    "
114,狭山戸建て,"
      埼玉県狭山市大字水野57    ",西武新宿線 入曽駅 徒歩18分,1970年05月（築53年）,"
              525万円            ","
              9.14%            ",,木造,"
      69.87㎡      (7.6万円/㎡)    ","
      73.38㎡      (7.2万円/㎡)    "
115,※東武伊勢崎線姫宮駅徒歩６分！表面利回り14％越え※,"
      埼玉県南埼玉郡宮代町川端４    ",東武伊勢崎・大師線 姫宮駅 徒歩6分,1968年01月（築55年）,"
              480万円            ","
              14.75%            ",,木造,"
      32.26㎡      (14.9万円/㎡)    ","
      85.27㎡      (5.7万円/㎡)    "
116,※築浅S造※利回り7.35%※満室稼働中※,"
      埼玉県鶴ヶ島市大字鶴ヶ丘字駅通１１    ",東武東上線 鶴ヶ島駅 徒歩5分,2017年07月（築6年）,"
              1億5500万円            ","
              7.34%            ",18戸,鉄骨造,"
      460.29㎡      (33.7万円/㎡)    ","
      226.21㎡      (68.6万円/㎡)    "
117,※築16年ＲＣ※暑いぞ熊谷※269.06坪※駐車場戸数分以上,"
      埼玉県熊谷市上之2656    ",JR高崎線 熊谷駅 徒歩24分,2006年03月（築17年）,"
              1億7000万円            ","
              7.13%            ",15戸,SRC造,"
      746.04㎡      (22.8万円/㎡)    ","
      889.46㎡      (19.2万円/㎡)    "
118,久喜市　戸建,"
      埼玉県久喜市菖蒲町三箇    ",JR湘南新宿ライン宇須 白岡駅 バス20分,1979年01月（築44年）,"
              550万円            ",0,,木造,"
      64.53㎡      (8.6万円/㎡)    ","
      97.22㎡      (5.7万円/㎡)    "
119,※利回り11.4%※近隣大型商業施設有※全部屋ファミリー※,"
      埼玉県児玉郡上里町七本木3556    ",JR高崎線 神保原駅 徒歩19分,1997年05月（築26年）,"
              4850万円            ","
              11.40%            ",10戸,木造,"
      512.00㎡      (9.5万円/㎡)    ","
      991.76㎡      (4.9万円/㎡)    "
120,※利回り7.32%※角地※築浅アパート※,"
      埼玉県入間市大字下藤沢558    ",西武池袋・豊島線 武蔵藤沢駅 徒歩9分 他,2018年11月（築5年）,"
              1億1000万円            ","
              7.32%            ",12戸,木造,"
      289.08㎡      (38.1万円/㎡)    ","
      182.12㎡      (60.4万円/㎡)    "
121,【高稼働】北越谷～駅チカ8分！利回り9%以上！外壁塗装済！,"
      埼玉県越谷市北越谷    ",東武伊勢崎・大師線 北越谷駅 徒歩8分,1987年01月（築36年）,"
              7980万円            ","
              9.23%            ",18戸,木造,"
      254.30㎡      (31.4万円/㎡)    ","
      299.86㎡      (26.7万円/㎡)    "
122,埼玉県川口市　区分マンション,"
      埼玉県川口市川口市西川口２丁目    ",JR京浜東北・根岸線 西川口駅 徒歩9分,"
      2017年12月（築6年）          ","
              1850万円            ","
              5.05%            ",41戸,RC造,"
      22.20㎡      (83.4万円/㎡)    ", 
123,※駅徒歩3分※越谷市新築※2023年3月完成予定※,"
      埼玉県越谷市大字袋山    ",東武伊勢崎・大師線 大袋駅 徒歩3分,2023年03月,"
              1億8900万円            ","
              6.00%            ",15戸,木造,"
      354.00㎡      (53.4万円/㎡)    ","
      255.23㎡      (74.1万円/㎡)    "
124,※北越谷駅徒歩8分※賃貸併用住宅としても※平成18年築※,"
      埼玉県越谷市大字大房715    ",東武伊勢崎・大師線 北越谷駅 徒歩8分,2006年03月（築17年）,"
              9600万円            ","
              6.83%            ",9戸,軽量鉄骨造,"
      308.45㎡      (31.2万円/㎡)    ","
      234.61㎡      (41.0万円/㎡)    "
125,熊谷市　バルク　区分,"
      埼玉県熊谷市弥生1丁目    ",JR埼京線 北与野駅 徒歩8分,"
      1988年08月（築35年）          ","
              500万円            ",0,,RC造,"
      14.74㎡      (34.0万円/㎡)    ", 
126,想定利回り20.38％！戸建付きアパート　土地333坪,"
      千葉県茂原市綱島    ",JR外房線 茂原駅 バス9分,1986年09月（築37年）,"
              3500万円            ","
              20.38%            ",21戸,木造,"
      466.50㎡      (7.6万円/㎡)    ","
      1103.72㎡      (3.2万円/㎡)    "
127,【CIS】JR宇都宮線「久喜」駅　一棟収益売アパート,"
      埼玉県久喜市南1丁目    ",JR湘南新宿ライン宇須 久喜駅 徒歩6分,2018年03月（築5年）,"
              2億6500万円            ","
              7.03%            ",30戸,鉄骨造,"
      584.82㎡      (45.4万円/㎡)    ","
      396.00㎡      (67.0万円/㎡)    "
128,春日部市　戸建,"
      埼玉県春日部市薄谷148-9、-10、    ",東武伊勢崎・大師線 一ノ割駅 徒歩22分,1970年05月（築53年）,"
              900万円            ","
              7.60%            ",,木造,"
      30.21㎡      (29.8万円/㎡)    ","
      74.01㎡      (12.2万円/㎡)    "
129,埼玉県川口市　区分マンション,"
      埼玉県川口市西川口１丁目    ",JR京浜東北・根岸線 西川口駅 徒歩3分,"
      2020年02月（築3年）          ","
              2320万円            ","
              4.34%            ",80戸,RC造,"
      25.38㎡      (91.5万円/㎡)    ", 
130,融資相談可能　西川口駅 徒歩6分,"
      埼玉県川口市並木2丁目    ",JR京浜東北・根岸線 西川口駅 徒歩6分,"
      1988年08月（築35年）          ","
              880万円            ","
              7.22%            ",58戸,SRC造,"
      16.87㎡      (52.2万円/㎡)    ", 
131,埼玉県川口市　区分マンション,"
      埼玉県川口市西青木1    ",JR京浜東北・根岸線 西川口駅 徒歩8分,"
      2008年01月（築15年）          ","
              1540万円            ","
              5.37%            ",36戸,RC造,"
      23.22㎡      (66.4万円/㎡)    ", 
132,サニーコート柿崎,"
      埼玉県さいたま市桜区町谷３丁目    ",JR武蔵野線 西浦和駅 徒歩24分,1989年09月（築34年）,"
              5780万円            ",0,5戸,軽量鉄骨造,"
      115.54㎡      (50.1万円/㎡)    ","
      340.00㎡      (17.0万円/㎡)    "
133,賃貸中！利回り12％以上！八高線・明覚駅！3Kタイプ！,"
      埼玉県比企郡ときがわ町本郷    ",JR八高線 明覚駅 徒歩19分,1980年09月（築43年）,"
              380万円            ","
              12.31%            ",,木造,"
      55.48㎡      (6.9万円/㎡)    ","
      86.46㎡      (4.4万円/㎡)    "
134,東松山駅利用可！8SLDK！角地！飲食店・物販店などに！,"
      埼玉県東松山市小松原町    ",東武東上線 東松山駅 徒歩24分,1986年05月（築37年）,"
              2980万円            ",0,1戸,木造,"
      245.10㎡      (12.2万円/㎡)    ","
      251.57㎡      (11.9万円/㎡)    "
135,志木駅徒歩14家具付学生寮！1億9000万円!利回9.1％！,"
      埼玉県志木市幸町４丁目    ",東武東上線 志木駅 徒歩14分,1993年03月（築30年）,"
              1億9000万円            ","
              9.10%            ",28戸,木造,"
      490.35㎡      (38.8万円/㎡)    ","
      551.02㎡      (34.5万円/㎡)    "
136,シティプラザ大宮三橋,"
      埼玉県さいたま市大宮区三橋１丁目    ",JR京浜東北・根岸線 大宮駅 徒歩24分,"
      1991年12月（築32年）          ","
              380万円            ","
              13.26%            ",20戸,鉄骨造,"
      17.00㎡      (22.4万円/㎡)    ", 
137,エクセレンス三ツ木,"
      埼玉県狭山市東三ツ木5    ",西武新宿線 新狭山駅 徒歩5分,1992年07月（築31年）,"
              4980万円            ","
              7.49%            ",7戸,木造,"
      275.33㎡      (18.1万円/㎡)    ","
      246.13㎡      (20.3万円/㎡)    "
138,マルティーナ,"
      埼玉県入間市大字寺竹571    ",JR八高線 金子駅 徒歩4分,2013年03月（築10年）,"
              5880万円            ","
              7.36%            ",6戸,木造,"
      315.31㎡      (18.7万円/㎡)    ","
      663.79㎡      (8.9万円/㎡)    "
139,■宮原駅　■28㎡の1DK　■バス、トイレ別,"
      埼玉県さいたま市北区宮原町    ",埼玉新都市交通 今羽駅 徒歩9分 他,"
      1992年12月（築31年）          ","
              583万円            ","
              11.52%            ",,RC造,"
      28.16㎡      (20.8万円/㎡)    ", 
140,プレシス浦和常盤ヴィアラ,"
      埼玉県さいたま市浦和区常磐3    ",JR京浜東北・根岸線 北浦和駅 徒歩4分 他,"
      2017年11月（築6年）          ","
              3390万円            ",0,45戸,RC造,"
      35.00㎡      (96.9万円/㎡)    ", 
141,利回り8.22％　東武伊勢崎線・大師線「谷塚」駅徒歩12分,"
      埼玉県草加市瀬崎３丁目    ",東武伊勢崎・大師線 谷塚駅 徒歩12分,1980年07月（築43年）,"
              4000万円            ","
              8.22%            ",6戸,木造,"
      173.09㎡      (23.2万円/㎡)    ","
      144.94㎡      (27.6万円/㎡)    "
142,融資相談可能！　オーナーチェンジ！,"
      埼玉県川口市戸塚3    ",JR武蔵野線 東川口駅 徒歩8分 他,"
      2000年02月（築23年）          ","
              2200万円            ","
              7.63%            ",64戸,RC造,"
      91.51㎡      (24.1万円/㎡)    ", 
143,利回り7.7％　東武野田線「南桜井」駅徒歩10分,"
      埼玉県春日部市西金野井２０８    ",東武野田線 南桜井駅 徒歩10分,1989年02月（築34年）,"
              4980万円            ","
              7.70%            ",8戸,木造,"
      251.00㎡      (19.9万円/㎡)    ","
      251.00㎡      (19.9万円/㎡)    "
144,【利回り11％以上】【東武伊勢崎線・姫宮駅】【5DKタイプ】,"
      埼玉県南埼玉郡宮代町川端    ",東武伊勢崎・大師線 姫宮駅 徒歩11分,1974年08月（築49年）,"
              740万円            ","
              11.02%            ",,木造,"
      99.08㎡      (7.5万円/㎡)    ","
      198.00㎡      (3.8万円/㎡)    "
145,【利回り11％以上】【JR湘南新宿ライン・北鴻巣駅】,"
      埼玉県鴻巣市糠田    ",JR湘南新宿ライン高海 北鴻巣駅 徒歩20分,1981年06月（築42年）,"
              600万円            ","
              11.40%            ",,木造,"
      69.53㎡      (8.7万円/㎡)    ","
      101.03㎡      (6.0万円/㎡)    "
146,賃貸中！利回り13％以上！再建築可能！駐車場付き！男衾駅！,"
      埼玉県大里郡寄居町赤浜    ",東武東上線 男衾駅 徒歩38分,1980年12月（築43年）,"
              320万円            ","
              13.87%            ",,木造,"
      48.43㎡      (6.7万円/㎡)    ","
      122.00㎡      (2.7万円/㎡)    "
147,【敷地250坪！南公道面！】秋津売アパート,"
      東京都清瀬市野塩５丁目    ",西武池袋・豊島線 秋津駅 徒歩10分,1993年01月（築30年）,"
              1億5000万円            ","
              4.72%            ",6戸,木造,"
      484.11㎡      (31.0万円/㎡)    ","
      828.75㎡      (18.1万円/㎡)    "
148,賃貸中！利回り11％以上！東武東上線・武蔵嵐山駅！3K！,"
      埼玉県比企郡嵐山町千手堂    ",東武東上線 武蔵嵐山駅 徒歩15分,1980年06月（築43年）,"
              630万円            ","
              11.04%            ",,木造,"
      61.27㎡      (10.3万円/㎡)    ","
      105.91㎡      (6.0万円/㎡)    "
149,平成23年築！複数路線利用可能！4LDKのファミリータイプ！,"
      埼玉県新座市畑中3丁目    ",東武東上線 朝霞駅 徒歩32分 他,2011年04月（築12年）,"
              2900万円            ","
              5.37%            ",,木造,"
      92.74㎡      (31.3万円/㎡)    ","
      100.79㎡      (28.8万円/㎡)    "
150,狭山市新狭山２丁目一棟ビル,"
      埼玉県狭山市新狭山２丁目    ",西武新宿線 新狭山駅 徒歩3分,1992年04月（築31年）,"
              9800万円            ","
              8.08%            ",4戸,RC造,"
      413.30㎡      (23.8万円/㎡)    ","
      212.07㎡      (46.3万円/㎡)    "
151,キャッスルマンション坂戸,"
      埼玉県坂戸市日の出町１１−９    ",東武東上線 坂戸駅 徒歩6分 他,"
      1988年02月（築35年）          ","
              260万円            ","
              11.07%            ",47戸,SRC造,"
      17.98㎡      (14.5万円/㎡)    ", 
152,空室　土地48.1平米　3DK　春日部市南戸建て,"
      埼玉県春日部市南3丁目    ",東武伊勢崎・大師線 一ノ割駅 徒歩10分 他,1967年03月（築56年）,"
              490万円            ","
              12.24%            ",,木造,"
      33.05㎡      (14.9万円/㎡)    ","
      48.10㎡      (10.2万円/㎡)    "
153,参考路線価約442万円！大宮まで電車12分！,"
      埼玉県さいたま市岩槻区日の出町    ",東武野田線 岩槻駅 徒歩16分,1975年03月（築48年）,"
              398万円            ","
              18.09%            ",,木造,"
      54.34㎡      (7.4万円/㎡)    ","
      76.74㎡      (5.2万円/㎡)    "
154,ベルドゥムール草加新田Ⅱ,"
      埼玉県草加市旭町3    ",東武伊勢崎・大師線 新田駅 徒歩5分,"
      2011年10月（築12年）          ","
              2680万円            ","
              5.08%            ",22戸,RC造,"
      65.73㎡      (40.8万円/㎡)    ", 
155,駅歩10分！新耐震基準！全4戸満室！表面利回り6.84％！,"
      埼玉県春日部市粕壁４    ",東武伊勢崎・大師線 春日部駅 徒歩10分 他,1984年08月（築39年）,"
              2700万円            ","
              6.84%            ",4戸,木造,"
      119.24㎡      (22.7万円/㎡)    ","
      125.29㎡      (21.6万円/㎡)    "
156,吉田新町3丁目　一棟アパート,"
      埼玉県川越市吉田新町3丁目    ",東武東上線 鶴ヶ島駅 徒歩15分,2006年02月（築17年）,"
              3580万円            ","
              7.50%            ",4戸,木造,"
      146.57㎡      (24.5万円/㎡)    ","
      193.52㎡      (18.5万円/㎡)    "
157,大宮駅歩5分！複数路線利用可！三方角地！満室稼働中！,"
      埼玉県さいたま市大宮区宮町２    ",JR京浜東北・根岸線 大宮駅 徒歩5分,1980年01月（築43年）,"
              5億円            ","
              6.52%            ",7戸,RC造,"
      756.90㎡      (66.1万円/㎡)    ","
      193.19㎡      (258.9万円/㎡)    "
158,さいたま市　東武「七里」駅歩9分　⌂戸建4LDK　空家,"
      埼玉県さいたま市見沼区大字小深作    ",東武野田線 七里駅 徒歩9分,1998年10月（築25年）,"
              2699万円            ",0,,木造,"
      88.18㎡      (30.7万円/㎡)    ","
      106.14㎡      (25.5万円/㎡)    "
159,■■投資のLEX■■ 6.52％「大宮」駅 5分 RC造,"
      埼玉県さいたま市大宮区宮町    ",JR京浜東北・根岸線 大宮駅 徒歩5分,1980年01月（築43年）,"
              5億円            ","
              6.52%            ",7戸,RC造,"
      756.90㎡      (66.1万円/㎡)    ","
      193.19㎡      (258.9万円/㎡)    "
160,川越市　一棟マンション　-利回り8%越え-,"
      埼玉県川越市砂新田1丁目    ",東武東上線 新河岸駅 徒歩18分,1992年07月（築31年）,"
              4500万円            ","
              8.24%            ",9戸,鉄骨造,"
      213.58㎡      (21.1万円/㎡)    ","
      132.32㎡      (34.1万円/㎡)    "
161,オークビレッジ,"
      埼玉県和光市白子1    ",東京メトロ有楽町線 地下鉄成増駅 徒歩22分 他,2001年03月（築22年）,"
              9000万円            ","
              5.14%            ",6戸,RC造,"
      174.81㎡      (51.5万円/㎡)    ","
      107.22㎡      (84.0万円/㎡)    "
162,※埼玉県 ※人気のファミリータイプ ※賃貸中,"
      埼玉県上尾市富士見    ",JR高崎線 上尾駅 徒歩10分,"
      1967年10月（築56年）          ","
              480万円            ","
              11.75%            ",,RC造,"
      42.25㎡      (11.4万円/㎡)    ", 
163,西川口駅徒歩8分・東南向き・2008年築,"
      埼玉県川口市西青木1    ",JR京浜東北・根岸線 西川口駅 徒歩8分,"
      2008年01月（築15年）          ","
              1600万円            ","
              5.66%            ",36戸,RC造,"
      23.22㎡      (69.0万円/㎡)    ", 
164,埼玉県新座市一棟,"
      埼玉県新座市大和田    ",JR武蔵野線 新座駅 徒歩25分,1971年04月（築52年）,"
              2000万円            ","
              13.86%            ",7戸,木造,"
      179.66㎡      (11.2万円/㎡)    ","
      167.27㎡      (12.0万円/㎡)    "
165,蓮田事務所　賃貸中オーナーチェンジ　2020年大規模修繕実施,"
      埼玉県蓮田市4824    ",JR東北本線 蓮田駅 徒歩35分,1991年03月（築32年）,"
              2780万円            ","
              8.54%            ",,重量鉄骨造,"
      240.00㎡      (11.6万円/㎡)    ","
      203.24㎡      (13.7万円/㎡)    "
166,大宮の商業県内の三方角地の収益ビル！,"
      埼玉県さいたま市大宮区宮町2    ",JR京浜東北・根岸線 大宮駅 徒歩5分 他,1980年01月（築43年）,"
              5億円            ","
              6.52%            ",,RC造,"
      756.90㎡      (66.1万円/㎡)    ","
      193.19㎡      (258.9万円/㎡)    "
167,鴻巣市　土地面積2967㎡,"
      埼玉県鴻巣市荊原1    ",JR高崎線 吹上駅 徒歩20分,1970年07月（築53年）,"
              2480万円            ","
              15.58%            ",,木造,"
      194.00㎡      (12.8万円/㎡)    ","
      2967.00㎡      (0.9万円/㎡)    "
168,【敷地250坪！南公道面！】秋津売アパート,"
      東京都清瀬市野塩５丁目    ",西武池袋・豊島線 秋津駅 徒歩10分,1993年01月（築30年）,"
              1億5000万円            ","
              4.72%            ",6戸,木造,"
      484.11㎡      (31.0万円/㎡)    ","
      828.75㎡      (18.1万円/㎡)    "
169,東武スカイツリーライン「越谷」駅から徒歩3分の１Rマンション,"
      埼玉県越谷市赤山町    ",東武伊勢崎・大師線 越谷駅 徒歩3分,"
      1988年06月（築35年）          ","
              600万円            ","
              7.80%            ",45戸,RC造,"
      15.30㎡      (39.3万円/㎡)    ", 
170,【CIS】JR武蔵野線「南浦和」駅　売アパート,"
      埼玉県川口市大字小谷場    ",JR武蔵野線 南浦和駅 徒歩17分 他,1987年11月（築36年）,"
              5000万円            ","
              5.18%            ",4戸,木造,"
      135.80㎡      (36.9万円/㎡)    ","
      153.00㎡      (32.7万円/㎡)    "
171,平成16年築！充実設備のSRC造２LDKマンション,"
      埼玉県春日部市柏壁東1    ",東武伊勢崎・大師線 春日部駅 徒歩8分 他,"
      2006年08月（築17年）          ","
              2180万円            ","
              5.39%            ",55戸,SRC造,"
      68.20㎡      (32.0万円/㎡)    ", 
172,大宮区宮町2丁目ビル,"
      埼玉県さいたま市大宮区宮町2丁目    ",JR京浜東北・根岸線 大宮駅 徒歩5分 他,1980年01月（築43年）,"
              5億円            ","
              6.52%            ",7戸,RC造,"
      756.90㎡      (66.1万円/㎡)    ","
      193.19㎡      (258.9万円/㎡)    "
173,【利回り約6.7％】令和3年内装リフォーム済み！,"
      埼玉県朝霞市朝志ケ丘４丁目    ",東武東上線 朝霞台駅 徒歩12分 他,1981年06月（築42年）,"
              1780万円            ","
              6.70%            ",2戸,木造,"
      46.24㎡      (38.5万円/㎡)    ","
      48.23㎡      (37.0万円/㎡)    "
174,東武伊勢崎線「春日部」駅から徒歩3分！１LDKマンション,"
      埼玉県春日部市中央1    ",東武伊勢崎・大師線 春日部駅 徒歩3分 他,"
      1987年12月（築36年）          ","
              1180万円            ","
              6.61%            ",93戸,SRC造,"
      40.18㎡      (29.4万円/㎡)    ", 
175,久喜駅　6分　2線可能　低層　重鉄造　高仕様　高稼働,"
      埼玉県久喜市    ",JR湘南新宿ライン宇須 久喜駅 徒歩6分 他,2018年03月（築5年）,"
              2億6500万円            ","
              7.02%            ",30戸,重量鉄骨造,"
      584.82㎡      (45.4万円/㎡)    ","
      396.00㎡      (67.0万円/㎡)    "
176,馬場ラク住宅,"
      埼玉県狭山市水野1265    ",西武池袋・豊島線 武蔵藤沢駅 徒歩13分,1986年03月（築37年）,"
              1060万円            ","
              12.00%            ",2戸,木造,"
      81.97㎡      (13.0万円/㎡)    ","
      85.00㎡      (12.5万円/㎡)    "
177,飯能市1棟アパート、平成18年築、満室稼働,"
      埼玉県飯能市川寺    ",西武池袋・豊島線 飯能駅 徒歩15分,2006年09月（築17年）,"
              3180万円            ","
              10.05%            ",6戸,木造,"
      158.98㎡      (20.1万円/㎡)    ","
      176.99㎡      (18.0万円/㎡)    "
178,ビューパレー大宮二番館,"
      埼玉県さいたま市見沼区蓮沼２００−１    ",東武野田線 大和田駅 徒歩14分 他,"
      1995年03月（築28年）          ","
              1580万円            ",0,27戸,RC造,"
      60.67㎡      (26.1万円/㎡)    ", 
179,グランコート熊谷弐番館,"
      埼玉県熊谷市銀座６−３−３６    ",JR高崎線 熊谷駅 徒歩13分 他,"
      1991年09月（築32年）          ","
              298万円            ","
              12.88%            ",76戸,RC造,"
      22.40㎡      (13.4万円/㎡)    ", 
180,さいたま市見沼区・RC造一棟マンション,"
      埼玉県さいたま市見沼区大字小深作568    ",東武野田線 七里駅 徒歩4分,1989年07月（築34年）,"
              1億5600万円            ","
              8.04%            ",19戸,RC造,"
      667.52㎡      (23.4万円/㎡)    ","
      335.47㎡      (46.6万円/㎡)    "
181,築4年・利回り7％・久喜駅6分,"
      埼玉県久喜市南1丁目    ",東武伊勢崎・大師線 久喜駅 徒歩6分 他,2018年03月（築5年）,"
              2億6500万円            ","
              7.02%            ",30戸,重量鉄骨造,"
      584.82㎡      (45.4万円/㎡)    ","
      396.00㎡      (67.0万円/㎡)    "
182,ダイアパレス川越第2　602号室,"
      埼玉県川越市氷川町32    ",西武新宿線 本川越駅 徒歩25分 他,"
      1992年10月（築31年）          ","
              1080万円            ","
              7.33%            ",45戸,SRC造,"
      64.90㎡      (16.7万円/㎡)    ", 
183,埼玉県加須市騎西一棟アパート,"
      埼玉県飯能市騎西    ",東武伊勢崎・大師線 加須駅 バス11分,1986年05月（築37年）,"
              1980万円            ","
              14.66%            ",6戸,木造,"
      198.16㎡      (10.0万円/㎡)    ","
      176.42㎡      (11.3万円/㎡)    "
184,融資相談可能　男衾駅 徒歩14分,"
      埼玉県大里郡寄居町大字富田    ",東武東上線 男衾駅 徒歩14分 他,"
      1977年05月（築46年）          ","
              320万円            ","
              18.75%            ",,木造,"
      57.13㎡      (5.7万円/㎡)    ", 
185,入間市　駅7分　H30年　角地　満室　1K　24㎡,"
      埼玉県入間市    ",西武池袋・豊島線 武蔵藤沢駅 徒歩7分,2018年11月（築5年）,"
              1億1000万円            ","
              7.34%            ",12戸,木造,"
      289.08㎡      (38.1万円/㎡)    ","
      182.12㎡      (60.4万円/㎡)    "
186,日当たり良好。熊谷市別府 戸建4LDK （リフォーム済）,"
      埼玉県熊谷市別府四丁目    ",JR高崎線 籠原駅 徒歩19分,1991年06月（築32年）,"
              1480万円            ","
              7.29%            ",,木造,"
      98.85㎡      (15.0万円/㎡)    ","
      124.03㎡      (12.0万円/㎡)    "
187,東武東上線 『新河岸』 駅徒歩2分 ・1K×8戸・木造2階建,"
      埼玉県川越市大字砂    ",東武東上線 新河岸駅 徒歩2分,1987年03月（築36年）,"
              5000万円            ","
              6.26%            ",8戸,木造,"
      118.80㎡      (42.1万円/㎡)    ","
      167.16㎡      (30.0万円/㎡)    "
188,空室　土地55.86平米　4DK　所沢市大字山口戸建て,"
      埼玉県所沢市大字山口1286    ",西武狭山線 下山口駅 徒歩6分 他,1971年05月（築52年）,"
              600万円            ","
              13.00%            ",,木造,"
      44.71㎡      (13.5万円/㎡)    ","
      55.86㎡      (10.8万円/㎡)    "
189,【新築】Best Stage鴻巣市本町３丁目　鴻巣駅徒歩７分,"
      埼玉県鴻巣市本町3丁目    ",JR高崎線 鴻巣駅 徒歩7分,,"
              1億3700万円            ","
              7.00%            ",12戸,木造,"
      499.76㎡      (27.5万円/㎡)    ","
      324.96㎡      (42.2万円/㎡)    "
190,マストタウン川口並木元町,"
      埼玉県川口市並木元町    ",JR京浜東北・根岸線 川口駅 徒歩12分,"
      219.23㎡      (54.3万円/㎡)    ","
              1億1900万円            ",0,0,0,0,0
191,ふじみ野市鶴ケ舞・一棟売アパート,"
      埼玉県ふじみ野市鶴ケ舞１丁目    ",東武東上線 上福岡駅 徒歩12分,1985年09月（築38年）,"
              2980万円            ","
              8.60%            ",4戸,軽量鉄骨造,"
      121.92㎡      (24.5万円/㎡)    ","
      129.06㎡      (23.1万円/㎡)    "
192,JR久喜駅徒歩6分◇2018年築マンション,"
      埼玉県久喜市南1丁目    ",JR東北本線 久喜駅 徒歩6分,2018年03月（築5年）,"
              2億6500万円            ","
              7.02%            ",30戸,重量鉄骨造,"
      584.82㎡      (45.4万円/㎡)    ","
      396.00㎡      (67.0万円/㎡)    "
193,川口市1棟マンション！融資相談受付中！中国語対応可能！,"
      埼玉県川口市芝新町    ",JR京浜東北・根岸線 蕨駅 徒歩4分,1989年02月（築34年）,"
              5億4800万円            ","
              5.70%            ",49戸,SRC造,"
      1231.15㎡      (44.6万円/㎡)    ","
      321.96㎡      (170.3万円/㎡)    "
194,内宿,"
      埼玉県北足立郡伊奈町内宿台３丁目    ",埼玉新都市交通 内宿駅 徒歩4分,2005年01月（築18年）,"
              6000万円            ",0,6戸,木造,"
      158.98㎡      (37.8万円/㎡)    ","
      264.33㎡      (22.7万円/㎡)    "
195,■■投資のLEX■■ 9.23％「北越谷」駅 8分 木造,"
      埼玉県越谷市北越谷3丁目    ",東武伊勢崎・大師線 北越谷駅 徒歩8分,1987年01月（築36年）,"
              7980万円            ","
              9.23%            ",18戸,木造,"
      254.30㎡      (31.4万円/㎡)    ","
      299.86㎡      (26.7万円/㎡)    "
196,越谷市 賃貸中,"
      埼玉県越谷市    ",東武伊勢崎・大師線 北越谷駅 徒歩10分 他,1987年09月（築36年）,"
              3980万円            ","
              8.38%            ",6戸,木造,"
      149.04㎡      (26.8万円/㎡)    ","
      185.02㎡      (21.6万円/㎡)    "
197,利回り8.24％！！　東武東上線「新河岸」駅,"
      埼玉県川越市砂新田１丁目    ",東武東上線 新河岸駅 徒歩18分,1992年07月（築31年）,"
              4500万円            ","
              8.24%            ",9戸,鉄骨造,"
      213.58㎡      (21.1万円/㎡)    ","
      132.32㎡      (34.1万円/㎡)    "
198,ウィンパレス狭山,"
      埼玉県狭山市笹井1丁目    ",西武池袋・豊島線 入間市駅 徒歩28分,1989年04月（築34年）,"
              1億2500万円            ","
              12.45%            ",18戸,RC造,"
      1105.31㎡      (11.4万円/㎡)    ","
      592.00㎡      (21.2万円/㎡)    "
199,利回り6.0％　駅近4分　埼玉新都市交通伊奈線「内宿」駅,"
      埼玉県北足立郡伊奈町内宿台３丁目    ",埼玉新都市交通 内宿駅 徒歩4分,2005年01月（築18年）,"
              6000万円            ","
              6.00%            ",6戸,木造,"
      158.98㎡      (37.8万円/㎡)    ","
      264.33㎡      (22.7万円/㎡)    "
200,◆◆利14.4％◆「熊谷駅」徒歩10分◆室内洗濯機置◆◆,"
      埼玉県熊谷市弥生    ",JR高崎線 熊谷駅 徒歩10分,"
      1988年08月（築35年）          ","
              250万円            ","
              14.40%            ",48戸,RC造,"
      16.00㎡      (15.7万円/㎡)    ", 
201,フルリノベ済み！鴻巣市オーナーチェンジ戸建,"
      埼玉県鴻巣市    ",JR湘南新宿ライン高海 鴻巣駅 徒歩16分,1978年11月（築45年）,"
              913万円            ","
              10.51%            ",,木造,"
      92.55㎡      (9.9万円/㎡)    ","
      127.58㎡      (7.2万円/㎡)    "
202,北越谷アパート,"
      埼玉県越谷市北越谷３丁目    ",東武伊勢崎・大師線 北越谷駅 徒歩8分,1987年01月（築36年）,"
              7980万円            ","
              9.23%            ",18戸,木造,"
      254.30㎡      (31.4万円/㎡)    ","
      299.86㎡      (26.7万円/㎡)    "
203,春日部市大場一棟アパート,"
      埼玉県春日部市大場    ",東武伊勢崎・大師線 武里駅 徒歩2分,1972年12月（築51年）,"
              5200万円            ","
              11.71%            ",10戸,鉄骨造,"
      467.17㎡      (11.2万円/㎡)    ","
      337.52㎡      (15.5万円/㎡)    "
204,【1都3県×0円管理（LPP）】角地×プロパン,"
      埼玉県川越市砂新田1    ",東武東上線 新河岸駅 徒歩18分,1992年07月（築31年）,"
              4500万円            ","
              8.24%            ",9戸,鉄骨造,"
      213.58㎡      (21.1万円/㎡)    ","
      132.32㎡      (34.1万円/㎡)    "
205,春日部市藤塚一棟マンション,"
      埼玉県春日部市藤塚    ",東武伊勢崎・大師線 一ノ割駅 徒歩15分,1986年10月（築37年）,"
              3390万円            ","
              9.52%            ",5戸,重量鉄骨造,"
      266.49㎡      (12.8万円/㎡)    ","
      136.34㎡      (24.9万円/㎡)    "
206,利回20％　駐車場有　オーナチェンジ,"
      埼玉県北葛飾郡杉戸町宮前    ",東武伊勢崎・大師線 東武動物公園駅 徒歩93分,1974年08月（築49年）,"
              330万円            ","
              20.00%            ",,木造,"
      47.07㎡      (7.1万円/㎡)    ","
      156.46㎡      (2.2万円/㎡)    "
207,さいたま市　550万円　利回り9.16%　区分マンション,"
      埼玉県さいたま市北区大成町    ",JR川越線 日進駅 徒歩7分,"
      1991年07月（築32年）          ","
              550万円            ","
              9.16%            ",,鉄骨造,"
      19.46㎡      (28.3万円/㎡)    ", 
208,草加市住吉１丁目 売ビル,"
      埼玉県草加市住吉１丁目    ",東武伊勢崎・大師線 草加駅 徒歩5分,1974年05月（築49年）,"
              9380万円            ","
              8.95%            ",,RC造,"
      469.95㎡      (20.0万円/㎡)    ","
      165.02㎡      (56.9万円/㎡)    "
209,JR高崎線「北本」駅からバスで7分の２SLDKマンション,"
      埼玉県北本市朝日2    ",JR高崎線 北本駅 バス7分,"
      1992年07月（築31年）          ","
              650万円            ","
              12.92%            ",,RC造,"
      64.16㎡      (10.2万円/㎡)    ", 
210,世田谷区6％・新築一棟アパート,"
      東京都世田谷区奥沢1丁目    ",東急目黒線 奥沢駅 徒歩10分,,"
              2億7800万円            ","
              6.04%            ",2戸,鉄骨造,"
      168.58㎡      (165.0万円/㎡)    ","
      142.43㎡      (195.2万円/㎡)    "
211,西川口　駅2分　オーナーチェンジ,"
      埼玉県川口市西青木3    ",JR京浜東北・根岸線 西川口駅 徒歩2分,"
      1988年06月（築35年）          ","
              890万円            ","
              7.86%            ",,RC造,"
      15.15㎡      (58.8万円/㎡)    ", 
212,北越谷駅歩8分！文教大学近く！2018年7月外壁塗装済！,"
      埼玉県越谷市北越谷３    ",東武伊勢崎・大師線 北越谷駅 徒歩8分,1987年01月（築36年）,"
              7980万円            ","
              9.23%            ",18戸,木造,"
      254.30㎡      (31.4万円/㎡)    ","
      299.86㎡      (26.7万円/㎡)    "
213,川口　10F　眺望良し　駅8分　投資用、実需でも,"
      埼玉県川口市金山町1    ",JR京浜東北・根岸線 川口駅 徒歩8分,"
      1991年04月（築32年）          ","
              1480万円            ","
              4.86%            ",,SRC造,"
      22.95㎡      (64.5万円/㎡)    ", 
214,春日部市　駅徒歩10分　表面利回り7.7％　融資相談受付中,"
      埼玉県春日部市西金野井208    ",東武野田線 南桜井駅 徒歩10分,1989年02月（築34年）,"
              4980万円            ","
              7.70%            ",8戸,木造,"
      192.92㎡      (25.9万円/㎡)    ","
      251.00㎡      (19.9万円/㎡)    "
215,ハイムシュウホウⅠ・Ⅱ,"
      埼玉県越谷市東大沢1丁目    ",東武伊勢崎・大師線 北越谷駅 徒歩13分,1987年01月（築36年）,"
              1億1000万円            ","
              7.10%            ",12戸,軽量鉄骨造,"
      454.12㎡      (24.3万円/㎡)    ","
      647.79㎡      (17.0万円/㎡)    "
216,越谷市売りアパート■1Kx18戸■駅から８分,"
      埼玉県越谷市北越谷    ",東武伊勢崎・大師線 北越谷駅 徒歩8分,1987年01月（築36年）,"
              7980万円            ","
              9.23%            ",18戸,木造,"
      254.30㎡      (31.4万円/㎡)    ","
      299.86㎡      (26.7万円/㎡)    "
217,高利回り！東武伊勢崎線「北越谷」駅徒歩8分！,"
      埼玉県越谷市北越谷3丁目    ",東武伊勢崎・大師線 北越谷駅 徒歩8分,1987年01月（築36年）,"
              7980万円            ","
              9.23%            ",18戸,木造,"
      254.30㎡      (31.4万円/㎡)    ","
      299.86㎡      (26.7万円/㎡)    "
218,ロータリーライフ川越　405号室,"
      埼玉県川越市南台2    ",西武新宿線 南大塚駅 徒歩2分,"
      1988年05月（築35年）          ","
              1980万円            ","
              5.57%            ",29戸,RC造,"
      73.85㎡      (26.9万円/㎡)    ", 
219,日神パレステージ川越南大塚　203号室,"
      埼玉県川越市南台3    ",西武新宿線 南大塚駅 徒歩3分 他,"
      2001年08月（築22年）          ","
              1980万円            ","
              5.27%            ",30戸,RC造,"
      75.95㎡      (26.1万円/㎡)    ", 
220,カインドステージ川越,"
      埼玉県川越市脇田新町4    ",東武東上線 川越駅 徒歩15分 他,"
      2008年09月（築15年）          ","
              1700万円            ","
              5.57%            ",47戸,RC造,"
      37.90㎡      (44.9万円/㎡)    ", 
221,スパシエルクス大宮,"
      埼玉県さいたま市大宮区宮町5    ",東武野田線 北大宮駅 徒歩8分 他,"
      2008年03月（築15年）          ","
              1750万円            ","
              4.32%            ",60戸,RC造,"
      22.35㎡      (78.3万円/㎡)    ", 
222,ライオンズプラザ大宮,"
      埼玉県さいたま市大宮区土手町1丁目    ",東武野田線 北大宮駅 徒歩5分 他,"
      1989年07月（築34年）          ","
              1480万円            ","
              6.16%            ",189戸,RC造,"
      38.82㎡      (38.2万円/㎡)    ", 
223,埼玉県春日部市西金野井アパート,"
      埼玉県春日部市西金野井    ",東武野田線 南桜井駅 徒歩10分,1989年02月（築34年）,"
              4980万円            ","
              7.70%            ",8戸,木造,"
      192.92㎡      (25.9万円/㎡)    ","
      251.00㎡      (19.9万円/㎡)    "
224,平成築　新耐震基準マンション　オーナーチェンジ物件,"
      埼玉県さいたま市北区大成町4    ",JR川越線 日進駅 徒歩7分,"
      1991年07月（築32年）          ","
              550万円            ","
              9.16%            ",16戸,鉄骨造,"
      19.46㎡      (28.3万円/㎡)    ", 
225,川越市小堤一棟アパート,"
      埼玉県川越市大字小堤    ",東武東上線 鶴ヶ島駅 徒歩21分,1981年02月（築42年）,"
              1780万円            ","
              9.83%            ",6戸,軽量鉄骨造,"
      107.74㎡      (16.6万円/㎡)    ","
      155.37㎡      (11.5万円/㎡)    "
226,キャッスルマンション川越Ｂ,"
      埼玉県川越市東田町１２−２７    ",東武東上線 川越市駅 徒歩9分 他,"
      1990年04月（築33年）          ","
              320万円            ",0,54戸,RC造,"
      17.46㎡      (18.4万円/㎡)    ", 
227,駅徒歩11分！サブリース！南向き！,"
      埼玉県川口市西川口4丁目    ",JR京浜東北・根岸線 西川口駅 徒歩11分 他,"
      1988年11月（築35年）          ","
              700万円            ","
              6.34%            ",108戸,RC造,"
      15.00㎡      (46.7万円/㎡)    ", 
228,上尾市1棟マンション！融資相談受付中！中国語対応可能！,"
      埼玉県上尾市西宮下３丁目    ",JR高崎線 上尾駅 徒歩20分,2000年10月（築23年）,"
              1億7000万円            ","
              6.84%            ",9戸,RC造,"
      556.20㎡      (30.6万円/㎡)    ","
      566.85㎡      (30.0万円/㎡)    "
229,1棟アパート　角地,"
      埼玉県川越市砂新田    ",東武東上線 新河岸駅 徒歩18分,1992年07月（築31年）,"
              4500万円            ","
              8.24%            ",9戸,鉄骨造,"
      213.58㎡      (21.1万円/㎡)    ","
      132.32㎡      (34.1万円/㎡)    "
230,【大規模修繕実施】各戸20平米以上 新耐震基準 RC造,"
      埼玉県草加市三光町    ",東武東上線 坂戸駅 徒歩10分,1990年03月（築33年）,"
              1億2300万円            ","
              6.08%            ",16戸,RC造,"
      416.88㎡      (29.6万円/㎡)    ","
      219.83㎡      (56.0万円/㎡)    "
